sequence,description,route_or_flight,filename_in_zip,original_filename,width,height,sha256
1,New York,EK201 DXB-JFK/NYC,01_new_york.png,a_wide_landscape_airport_themed_travel_graphic.png,1842,854,a2136913488b2e73df310c25bdc9efffc11a2a47d768c90af645daa3d6b73e64
2,Houston,EK211 DXB-IAH,02_houston.png,a_wide_stylized_illustration_graphic_like_an_airl.png,1846,852,a6422ef8fbb4773f9be667b8ac3de8dc6dd690e013d4a32d50378b8e1301ecec
3,Miami initial,EK213 DXB-MIA,03_miami_initial.png,空港ターミナルからのマイアミの景色.png,1672,941,429fc580a664533ef23a0e405db4d2528ffc7969744117498a5df4b39a1b25bd
4,Miami revised no city under times,EK213 DXB-MIA,04_miami_revised.png,wide_stylized_travel_boarding_card_like_illustrati.png,1844,853,d3e62fd9d85bfacac7e60518a6c405448202119c97ce3597d87819cca6e81123
5,Los Angeles,EK215 DXB-LAX,05_los_angeles.png,空港の窓からのロサンゼルス景色.png,1774,887,f80d9d86cbbc39345e2927dfd6faabd24e191bc99410f9acc5396e120841f708
6,Dallas,EK221 DXB-DFW,06_dallas.png,wide_stylized_airport_flight_info_poster_boarding.png,1836,856,3043316aea64267529a4446ff87e085a4753cc8c55c25d77947a44ab8fad302e
7,San Francisco,EK225 DXB-SFO,07_san_francisco.png,空港の窓から見るサンフランシスコ.png,1672,941,7ea3859665cb6369f7972162861b737537298fb8321b3669ef830bbf60770289
8,Seattle initial,EK229 DXB-SEA,08_seattle_initial.png,wide_stylized_travel_airport_boarding_card_poster.png,1846,852,211e18c845b6bf4b89de1307e3964807dbd9a7bb26887545110c8b192488d3f1
9,Washington initial,EK231 DXB-IAD,09_washington_initial.png,a_wide_polished_travel_airline_graphic_scene_like.png,1697,927,ee964b77db12432d124dc2c6a6089d613fe72381389dcb7c83ad6d5bacc23461
10,Washington revised,EK231 DXB-IAD,10_washington_revised.png,wide_landscape_travel_themed_illustration_poster.png,1728,910,8f55444593a55047f1af3bb9ed6f41f060418ecd665a39805dde9421547976c0
11,Chicago,EK235 DXB-ORD,11_chicago.png,wide_clean_travel_boarding_card_like_illustration.png,1732,908,2b7319976e88f6783cea18a9bc5385f71ac456ec956745e0a0d2540c9b2589f0
12,Boston,EK237 DXB-BOS,12_boston.png,a_wide_clean_graphic_illustration_that_looks_lik.png,1728,910,3627eb604a4392a482f36e76ae68e57b7193a0a365c12d33fcaaa7e839900cf0
13,Toronto initial,EK241 DXB-YYZ,13_toronto_initial.png,wide_illustrated_travel_airport_boarding_card_styl.png,1732,908,76de50151cace6a2943c4b76639e1aaceb62e8588f11d144824673160298a336
14,Montreal initial,DXB-YUL,14_montreal_initial.png,a_clean_modern_travel_flight_info_graphic_in_a_wi.png,1672,941,1f8781fb34a079ba5f815e49034c6771c16e22b278445b09963cf07b56f09f57
15,Rio de Janeiro initial,EK247 DXB-GIG,15_rio_de_janeiro_initial.png,wide_illustrated_travel_poster_flight_info_graph.png,1672,941,c8375e772f753a703431055d6f28f5142cc19fc7c99fcc545c47a7d6e15fdae5
16,Sao Paulo initial,EK249 DXB-GRU,16_sao_paulo_initial.png,a_clean_travel_flight_info_graphic_scene_a_wide_l.png,1672,941,3e520d09bc2fab61480925bcdfdbbd81c24bd40437d5564eb22fbe8782dcd86c
17,London initial,EK251 DXB-LHR,17_london_initial.png,a_polished_travel_airport_style_poster_board_scene.png,1677,938,ba280f1fa0e3dc7c8eeb8dd2886024dd4e832cb498cb30ab35ecba15bd7626ee
18,London same-size style,EK251 DXB-LHR,18_london_same_size.png,imagegen.png,1672,941,159932d3d8ea43abdf512c68648c6f14eab5646b10b0df4f8571ae750e28f871
19,Sao Paulo same-size first,EK249 DXB-GRU,19_sao_paulo_same_size_1.png,wide_illustrated_travel_airport_boarding_style_gra.png,1672,941,c91602725df8e8b7e5f3591e44471b3f21b2996a0a12ca5070e7057605deca25
20,Rio de Janeiro same-size first,EK247 DXB-GIG,20_rio_de_janeiro_same_size_1.png,wide_panoramic_travel_boarding_pass_style_illustra.png,1672,941,e44bf378fe03cf300d7a7b77b4991aa4b0b272e7e18c3dd38c96e17c6fd74a97
21,Sao Paulo same-size second,EK249 DXB-GRU,21_sao_paulo_same_size_2.png,空港を見つめる旅の瞬間.png,1672,941,cd0ab2b7d876622a7539dbc69be7234c324c087d79171e288a603055baec0e03
22,Rio de Janeiro same-size second,EK247 DXB-GIG,22_rio_de_janeiro_same_size_2.png,a_wide_rounded_rectangle_boarding_pass_travel.png,1672,941,9c187413d978c6dd743811de0c91ce1152c2c978ceb68f64bcdc4fe8fe258438
23,Rio de Janeiro same-size third,EK247 DXB-GIG,23_rio_de_janeiro_same_size_3.png,a_wide_landscape_infographic_style_travel_boardi.png,1672,941,3288d003e5cb7b6416537fe57fc1728346556694a461f9a34c38a9d74e49fc9b
24,Rio de Janeiro same-size fourth,EK247 DXB-GIG,24_rio_de_janeiro_same_size_4.png,空港での夕陽と旅人.png,1672,941,10016554c6ab8d87de3c4152d5a1f27fc62fc7c6f358fe8c62e5974785a477e7
25,Montreal same-size,DXB-YUL,25_montreal_same_size.png,旅行準備の機内ビュー.png,1672,941,c9cfd9868378e1c9c14b4336f36d68df990f6da398b7adebc0574ae7631f2d80
26,Washington same-size,EK231 DXB-IAD,26_washington_same_size.png,d.c._departure_at_sunrise.png,1774,887,5499e3e3acb411b3f826eafbb1d12634064415ef9c6c8019bd51d65b520d6606
27,Toronto same-size,EK241 DXB-YYZ,27_toronto_same_size.png,空港の窓から見るトロントの景色.png,1672,941,cd4ff6582fe933fd558996897f2fa97bd58cb9148777bd62434542097fe7596b
28,Seattle large output,EK229 DXB-SEA,28_seattle_large_output.png,a_wide_rounded_corner_travel_airport_style_card_o.png,1672,941,427a81ecca0c510343d65698d6220ac6f08e67e4337c5bb9beb64fb453cbf7a7
29,Seattle corrected exact reference size,EK229 DXB-SEA,29_seattle_corrected_1536x864.png,seattle_exact_reference_size_1536x864.png,1536,864,322ce8268f8282178f876f606288d1eade709093f155f55c14fc1808b0afa767
